% Model,lsa-v2.mph
% Version,COMSOL 5.3.1.275
% Date,"Jul 23 2018, 03:01"
% Dimension,1
% Nodes,2
% Expressions,42
% Description,", , Dependent variable c_m, first time derivative"
% X,J_0 @ t=0,eta @ t=0,c_mt @ t=0,J_0 @ t=0.017453,eta @ t=0.017453,c_mt @ t=0.017453,J_0 @ t=0.034907,eta @ t=0.034907,c_mt @ t=0.034907,J_0 @ t=0.05236,eta @ t=0.05236,c_mt @ t=0.05236,J_0 @ t=0.069813,eta @ t=0.069813,c_mt @ t=0.069813,J_0 @ t=0.074176,eta @ t=0.074176,c_mt @ t=0.074176,J_0 @ t=0.07854,eta @ t=0.07854,c_mt @ t=0.07854,J_0 @ t=0.082903,eta @ t=0.082903,c_mt @ t=0.082903,J_0 @ t=0.087266,eta @ t=0.087266,c_mt @ t=0.087266,J_0 @ t=0.10472,eta @ t=0.10472,c_mt @ t=0.10472,J_0 @ t=0.12217,eta @ t=0.12217,c_mt @ t=0.12217,J_0 @ t=0.13963,eta @ t=0.13963,c_mt @ t=0.13963,J_0 @ t=0.15708,eta @ t=0.15708,c_mt @ t=0.15708,J_0 @ t=0.17453,eta @ t=0.17453,c_mt @ t=0.17453
0,0.12253594617721748,5.02310170874853,2963.0762887072365,0.13660375794652804,4.808659665173746,10.743913330135266,0.1421880818084355,4.729876008033076,7.635138710701002,0.14634144795038326,4.67332870326036,6.19806785924876,0.14967566572652757,4.629124740598536,5.138231328576373,0.15040617144415805,4.619576442440247,4.912426595466516,0.15110150107982984,4.610532552667437,4.699657983538903,0.15176393364187232,4.60195666563749,4.490134928977867,0.15239376101264165,4.593838878740471,4.292360766925855,0.15462850689325086,4.5653142892039975,3.5877847357383734,0.1564720314006383,4.5421042679762635,2.994929778784423,0.15799145045965407,4.523187779606639,2.4914928255721245,0.1592424957563101,4.50775424685894,2.0670280049301346,0.16027234960712078,4.495144023523746,1.7133311532936697
1,0.1224130135790029,-5.025082953891251,-2961.9048519065077,0.10745877029554393,-5.2824193489326765,-9.51149880866846,0.10105901235122734,-5.404055858268733,-6.3208758031952295,0.09617259155899571,-5.502324663289279,-4.832414770266016,0.09220093294121598,-5.5860283481858755,-3.777299608937616,0.09132924104641818,-5.604886031681524,-3.5588720045299476,0.09049977040388557,-5.623010796438136,-3.3573344813136514,0.08970989361817541,-5.640399770444714,-3.1598887194415504,0.08896086508449785,-5.657075804547534,-2.9764599873751645,0.08632158048059717,-5.716914397787463,-2.345872355281581,0.08418183008361568,-5.766789100102733,-1.8464436464551452,0.08246278044751176,-5.807791925942667,-1.4474951783252936,0.08109165275701369,-5.841121218998859,-1.1323013192583926,0.08000186696129286,-5.868002490313597,-0.8880798235915017
