% Model,lsa-v2.mph
% Version,COMSOL 5.3.1.275
% Date,"Jul 9 2018, 03:56"
% Dimension,1
% Nodes,2
% Expressions,18
% Description,", , Dependent variable c_m, first time derivative"
% X,J_0 @ t=0,eta @ t=0,c_mt @ t=0,J_0 @ t=0.017453,eta @ t=0.017453,c_mt @ t=0.017453,J_0 @ t=0.034907,eta @ t=0.034907,c_mt @ t=0.034907,J_0 @ t=0.05236,eta @ t=0.05236,c_mt @ t=0.05236,J_0 @ t=0.069813,eta @ t=0.069813,c_mt @ t=0.069813,J_0 @ t=0.074176,eta @ t=0.074176,c_mt @ t=0.074176
0,0.10005647702047593,5.424544863969152,6396.729820747676,0.1206841549956485,5.0529657042935465,13.073508930065866,0.12825284397948244,4.933012854504079,9.222169891707884,0.13373883229952305,4.850711269423553,7.408483611880356,0.1380816833751991,4.790316361786401,6.200558067105742,0.13904867871329588,4.783502773777952,6.166446420396998
1,0.09994348984299727,-5.42678480144456,-6396.924601340987,0.0734332791205509,-6.0385281602499,-13.350208344930893,0.05875632461916088,-6.482850627978042,-9.597238959551854,0.04398006244391855,-7.0612218299101075,-7.989460159892785,0.024569850162231746,-8.234735147986964,-7.565986096244305,0.016076408899728323,-9.084573318864454,-8.54094436318172
