% Model,lsa-v3.mph
% Version,COMSOL 5.3.1.275
% Date,"Jul 31 2018, 19:49"
% Dimension,1
% Nodes,2
% Expressions,18
% Description,", , Dependent variable c_m, first time derivative"
% X,J_0 @ t=0,eta @ t=0,c_mt @ t=0,J_0 @ t=0.017453,eta @ t=0.017453,c_mt @ t=0.017453,J_0 @ t=0.034907,eta @ t=0.034907,c_mt @ t=0.034907,J_0 @ t=0.05236,eta @ t=0.05236,c_mt @ t=0.05236,J_0 @ t=0.069813,eta @ t=0.069813,c_mt @ t=0.069813,J_0 @ t=0.074176,eta @ t=0.074176,c_mt @ t=0.074176
0,0.10006276356114363,5.423738928630831,5649.140494007624,0.12068179312825826,5.052949061677808,13.077344308817022,0.1282495986415606,4.93294855751624,9.215231061834086,0.1337353327515129,4.850432359904972,7.399864646842935,0.13806808637041795,4.787729280409631,6.147249037346128,0.13901509742467077,4.7744068253739655,5.886764973869974
1,0.09993719539310515,-5.42622826558156,-5649.3600691688025,0.07343718751317392,-6.038368813243671,-13.354004678445401,0.058763551051696464,-6.48253729687341,-9.590271541698742,0.04399155441221698,-7.06019172473735,-7.978368299366759,0.024661329062947393,-8.229407059996028,-7.511825270820127,0.016474707245307512,-9.02671572119562,-8.1102142101144
