% Model,lsa-v3.mph
% Version,COMSOL 5.3.1.275
% Date,"Jul 31 2018, 19:38"
% Dimension,1
% Nodes,2
% Expressions,42
% Description,", , Dependent variable c_m, first time derivative"
% X,J_0 @ t=0,eta @ t=0,c_mt @ t=0,J_0 @ t=0.017453,eta @ t=0.017453,c_mt @ t=0.017453,J_0 @ t=0.034907,eta @ t=0.034907,c_mt @ t=0.034907,J_0 @ t=0.05236,eta @ t=0.05236,c_mt @ t=0.05236,J_0 @ t=0.069813,eta @ t=0.069813,c_mt @ t=0.069813,J_0 @ t=0.074176,eta @ t=0.074176,c_mt @ t=0.074176,J_0 @ t=0.07854,eta @ t=0.07854,c_mt @ t=0.07854,J_0 @ t=0.082903,eta @ t=0.082903,c_mt @ t=0.082903,J_0 @ t=0.087266,eta @ t=0.087266,c_mt @ t=0.087266,J_0 @ t=0.10472,eta @ t=0.10472,c_mt @ t=0.10472,J_0 @ t=0.12217,eta @ t=0.12217,c_mt @ t=0.12217,J_0 @ t=0.13963,eta @ t=0.13963,c_mt @ t=0.13963,J_0 @ t=0.15708,eta @ t=0.15708,c_mt @ t=0.15708,J_0 @ t=0.17453,eta @ t=0.17453,c_mt @ t=0.17453
0,0.10255897039615225,5.374883605008994,3503.92119062844,0.12196722017312268,5.0320306879286125,12.561934162056424,0.12917919341151946,4.918711600868614,8.90569522411287,0.13446273313565038,4.839749659934345,7.172882973992183,0.1386397241042995,4.779558167967609,5.956970334359003,0.1395535711351601,4.76663962069014,5.697880817630871,0.14042204426285204,4.754443546898254,5.448658457314848,0.1412479379748464,4.742917823336898,5.217181922074332,0.1420341195915555,4.732011076048387,4.9925351175625075,0.1448193510537409,4.69385953941553,4.184838815743132,0.1471154152602277,4.6629663080119625,3.5159251792647437,0.1490159977313095,4.637785468096331,2.949213749851105,0.15059002708414537,4.617178103881459,2.4675661366989265,0.15189180917270534,4.600303038116514,2.055015906817958
1,0.10237997030977185,-5.3783451742022335,-3503.7122149131337,0.07851230389637771,-5.90540753805318,-12.307443473322998,0.06635404000672437,-6.240541299822484,-8.582831769902272,0.055452711987779235,-6.5981512387447445,-6.741173056744321,0.044994275256832014,-7.015152830988817,-5.332558835470388,0.04241567160999194,-7.132903520150039,-4.998380211727577,0.03985448021313717,-7.257267341703225,-4.6583060600733885,0.03731969677739735,-7.388329111676102,-4.305586761230139,0.03482705482078409,-7.525738057324082,-3.933745642261338,0.026127650116952165,-8.09872709197376,-1.9931441272184531,0.022685993347457516,-8.383392927234766,-0.244292017874143,0.02237895653178628,-8.4106432423327,-0.012824806501935767,0.022362130844240376,-8.412147207562086,-8.595969287701219E-4,0.02236085703759305,-8.412261119596558,-8.597971738489903E-5
