% Model,lsa-v2.mph
% Version,COMSOL 5.3.1.275
% Date,"Jul 10 2018, 16:07"
% Dimension,1
% Nodes,2
% Expressions,24
% Description,", , Dependent variable c_m, first time derivative"
% X,J_0 @ t=0,eta @ t=0,c_mt @ t=0,J_0 @ t=0.017453,eta @ t=0.017453,c_mt @ t=0.017453,J_0 @ t=0.034907,eta @ t=0.034907,c_mt @ t=0.034907,J_0 @ t=0.05236,eta @ t=0.05236,c_mt @ t=0.05236,J_0 @ t=0.069813,eta @ t=0.069813,c_mt @ t=0.069813,J_0 @ t=0.074176,eta @ t=0.074176,c_mt @ t=0.074176,J_0 @ t=0.07854,eta @ t=0.07854,c_mt @ t=0.07854,J_0 @ t=0.082903,eta @ t=0.082903,c_mt @ t=0.082903
0,0.010006451999081654,10.020519880400343,5595.6782760808555,0.01202871365110357,9.651989771839762,12.804195653426554,0.01277538376014763,9.53157151214052,9.057919044991204,0.013316710805602948,9.44862182686672,7.283796125734866,0.013745156307236321,9.385483338133039,6.056557347400265,0.013838876726889755,9.372061605991648,5.795708753829307,0.013928047011227407,9.359632374436774,5.5558411486508055,0.014013180049447856,9.348854488103584,5.355511385563039
1,0.00999354383540067,-10.023101307557646,-5595.678276082843,0.007437072535598568,-10.613581998884154,-12.80419565342666,0.006065440608971142,-11.021365700481713,-9.057919044991092,0.0047607996513125556,-11.505693960051602,-7.283796125734661,0.0033272628525022885,-12.22264341179659,-6.056557347400229,0.0029129866010589884,-12.488868933745538,-5.795708753829477,0.002451429471357325,-12.837916181262049,-5.555841148651018,0.0019054618604833374,-13.34830363132388,-5.35551138556289
