% Model,lsa-v2.mph
% Version,COMSOL 5.3.1.275
% Date,"Jul 10 2018, 16:24"
% Dimension,1
% Nodes,2
% Expressions,18
% Description,", , Dependent variable c_m, first time derivative"
% X,J_0 @ t=0,eta @ t=0,c_mt @ t=0,J_0 @ t=0.03927,eta @ t=0.03927,c_mt @ t=0.03927,J_0 @ t=0.07854,eta @ t=0.07854,c_mt @ t=0.07854,J_0 @ t=0.11781,eta @ t=0.11781,c_mt @ t=0.11781,J_0 @ t=0.15708,eta @ t=0.15708,c_mt @ t=0.15708,J_0 @ t=0.1669,eta @ t=0.1669,c_mt @ t=0.1669
0,1.000628185551042,0.9619834180244933,2590.9515389848643,1.2069651917514106,0.8064902940769731,5.733457239178436,1.2803034642684563,0.7624630171583737,3.7587325553256594,1.3271800426481106,0.7367134952494019,2.548714624642005,1.3581346551717888,0.7206377901536691,1.7367678200439054,1.364107966310366,0.7176196709063811,1.5783462502332248
1,0.9993714034004652,-0.9631076409513399,-2591.050767537847,0.7341328827254812,-1.2742076658067356,-5.85515028438411,0.5927137943740927,-1.5327114968389193,-3.901807121631813,0.4723461239753334,-1.8444045865565597,-2.7103894706342717,0.36489290422669984,-2.241256437657132,-1.925789881939399,0.33909401170312226,-2.361246778636845,-1.7768786586157483
